Category Name,Type of Query,Query title (max length: 64 chars),Query URL,Tip (something we'll expose in the UI when a user makes a particular request),Doc Link,AAD or MSA,Post template,Headers
Getting Started,GET,my profile,/v1.0/me/,,https://developer.microsoft.com/en-us/graph/docs/api-reference/v1.0/resources/users,BOTH,,
Getting Started,GET,my photo,/v1.0/me/photo/$value,,https://developer.microsoft.com/en-us/graph/docs/api-reference/v1.0/api/profilephoto_get,BOTH,,
Getting Started,GET,my mail,/v1.0/me/messages,,https://developer.microsoft.com/en-us/graph/docs/api-reference/v1.0/api/user_list_messages,BOTH,,
Getting Started,GET,all the items in my drive,/v1.0/me/drive/root/children,,https://developer.microsoft.com/en-us/graph/docs/api-reference/v1.0/api/item_list_children,BOTH,,
Getting Started,GET,items trending around me,/beta/me/insights/trending,,https://developer.microsoft.com/en-us/graph/docs/api-reference/beta/api/insights_list_trending,AAD,,
Getting Started,GET,my manager,/v1.0/me/manager,,https://developer.microsoft.com/en-us/graph/docs/api-reference/v1.0/api/user_list_manager,AAD,,
Users,GET,my direct reports,/v1.0/me/directReports,,https://developer.microsoft.com/en-us/graph/docs/api-reference/v1.0/api/user_list_directreports,AAD,,
Users,GET,all users in the organization,/v1.0/users,,https://developer.microsoft.com/en-us/graph/docs/api-reference/v1.0/resources/users,AAD,,
Users,GET,all users in the Finance department,/v1.0/users?$filter=Department eq 'Finance',,https://developer.microsoft.com/en-us/graph/docs/api-reference/v1.0/resources/users,AAD,,
Users,GET,my skills,"/v1.0/me/?$select=displayName,skills",,https://developer.microsoft.com/en-us/graph/docs/api-reference/v1.0/resources/user,AAD,,
Users,GET,user by email,/v1.0/users/{user-mail},,https://developer.microsoft.com/en-us/graph/docs/api-reference/v1.0/resources/user,AAD,,
Users,GET,all my Planner tasks,/beta/me/planner/tasks,,https://developer.microsoft.com/en-us/graph/docs/api-reference/beta/resources/planner_overview,AAD,,
Users,POST,create user,/v1.0/users,,https://developer.microsoft.com/en-us/graph/docs/api-reference/v1.0/api/user_post_users,AAD,"{
        ""accountEnabled"": true,
        ""city"": ""Seattle"",
        ""country"": ""United States"",
        ""department"": ""Sales & Marketing"",
        ""displayName"": ""Melissa Darrow"",
        ""givenName"": ""Melissa"",
        ""jobTitle"": ""Marketing Director"",
        ""mailNickname"": ""MelissaD"",
        ""passwordPolicies"": ""DisablePasswordExpiration"",
        ""passwordProfile"": {
            ""password"": ""Test1234"",
            ""forceChangePasswordNextSignIn"": false
        },
        ""officeLocation"": ""131/1105"",
        ""postalCode"": ""98052"",
        ""preferredLanguage"": ""en-US"",
        ""state"": ""WA"",
        ""streetAddress"": ""9256 Towne Center Dr., Suite 400"",
        ""surname"": ""Darrow"",
        ""mobilePhone"": ""+1 206 555 0110"",
        ""usageLocation"": ""US"",
        ""userPrincipalName"": ""MelissaD@{domain}""
    }",Content-type: application/json
Users,GET,track user changes,"/v1.0/users/delta?$select=displayName,givenName,surname",,https://developer.microsoft.com/en-us/graph/docs/concepts/delta_query_users,AAD,,
Groups,GET,all groups in my organization,/v1.0/groups,,https://developer.microsoft.com/en-us/graph/docs/api-reference/v1.0/resources/group,AAD,,
Groups,GET,all groups I belong to,/v1.0/me/memberOf,,https://developer.microsoft.com/en-us/graph/docs/api-reference/v1.0/api/user_list_memberof,AAD,,
,,,,,,,,
Groups,GET,group members,/v1.0/groups/{group-id}/members,"This query requires a group id.  To find the ID of a group you belong to, you can run: GET https://graph.microsoft.com/v1.0/me/memberOf",https://developer.microsoft.com/en-us/graph/docs/api-reference/v1.0/api/group_list_members,AAD,,
Groups,GET,group's conversations,/v1.0/groups/{group-id}/conversations,"This query requires a group id.  To find the ID of a group you belong to, you can run: GET https://graph.microsoft.com/v1.0/me/memberOf",https://developer.microsoft.com/en-us/graph/docs/api-reference/v1.0/api/group_list_conversations,AAD,,
Groups,GET,group's events,/v1.0/groups/{group-id}/events,"This query requires a group id.  To find the ID of a group you belong to, you can run: GET https://graph.microsoft.com/v1.0/me/memberOf",https://developer.microsoft.com/en-us/graph/docs/api-reference/v1.0/api/group_list_events,AAD,,
Groups,POST,add favorite group,/v1.0/groups/{group-id}/addFavorite,"This query requires a group id.  To find the ID of a group you belong to, you can run: GET https://graph.microsoft.com/v1.0/me/memberOf",https://developer.microsoft.com/en-us/graph/docs/api-reference/v1.0/api/group_addfavorite,AAD,,Content-type: application/json
Groups,GET,items in a group drive,/v1.0/groups/{group-id}/drive/root/children,"This query requires a group id.  To find the ID of a group you belong to, you can run: GET https://graph.microsoft.com/v1.0/me/memberOf",https://developer.microsoft.com/en-us/graph/docs/api-reference/v1.0/api/drive_get,AAD,,
Groups,GET,track group changes,"/v1.0/groups/delta?$select=displayName,description",,https://developer.microsoft.com/en-us/graph/docs/concepts/delta_query_groups,AAD,,
Outlook Mail,GET,my high important mail,/v1.0/me/messages?$filter=importance eq 'high',,https://developer.microsoft.com/en-us/graph/docs/api-reference/v1.0/api/user_list_messages,BOTH,,
Outlook Mail,GET,my mails from an address,/v1.0/me/messages?$filter=(from/emailAddress/address) eq '{user-mail}',,https://developer.microsoft.com/en-us/graph/docs/api-reference/v1.0/api/user_list_messages,BOTH,,
Outlook Mail,GET,my mail that has 'Hello World',"/v1.0/me/messages?$search=""hello world""",,https://developer.microsoft.com/en-us/graph/docs/api-reference/v1.0/api/user_list_messages,BOTH,,
Outlook Mail,POST,send an email,/v1.0/me/sendMail,Update the Request Body and select Run Query.,https://developer.microsoft.com/en-us/graph/docs/api-reference/v1.0/api/user_sendmail,BOTH,"{
        ""message"": {
            ""subject"": ""Meet for lunch?"",
            ""body"": {
                ""contentType"": ""Text"",
                ""content"": ""The new cafeteria is open.""
            },
            ""toRecipients"": [
                {
                    ""emailAddress"": {
                    ""address"": ""garthf@contoso.com""
                    }
                }
            ]
        }}",Content-type: application/json
Outlook Mail,POST,forward mail,/v1.0/me/messages/{message-id}/forward,"This query requires a message id. To get the ID, run the following query, find the message in the response and use its ID property: GET https://graph.microsoft.com/v1.0/me/messages",https://developer.microsoft.com/en-us/graph/docs/api-reference/v1.0/api/message_forward,BOTH,"{
  ""comment"": ""FYI"",
  ""toRecipients"": [
    {
      ""emailAddress"": {
        ""address"": ""{user-mail}"",
        ""name"": ""Alex Darrow""
      }
    }
  ]
}",Content-type: application/json
Outlook Mail,GET,track email changes,/v1.0/me/mailFolders/Inbox/messages/delta,,https://developer.microsoft.com/en-us/graph/docs/concepts/delta_query_messages,AAD,,
Outlook Mail (beta),GET,email I'm @ mentioned,"/beta/me/messages?$filter=mentionsPreview/isMentioned eq true&$select=subject,sender,receivedDateTime",,https://developer.microsoft.com/en-us/graph/docs/api-reference/beta/api/user_list_messages#request-2,AAD,,
Outlook Calendar,GET,my events for the next week,/v1.0/me/calendarview?startdatetime={today}&enddatetime={next-week},,https://developer.microsoft.com/en-us/graph/docs/api-reference/v1.0/api/user_list_calendarview,BOTH,,
Outlook Calendar,GET,all events in my calendar,"/v1.0/me/events?$select=subject,body,bodyPreview,organizer,attendees,start,end,location",,https://developer.microsoft.com/en-us/graph/docs/api-reference/v1.0/api/user_list_events,BOTH,,
Outlook Calendar,GET,all my calendars,/v1.0/me/calendars,,https://developer.microsoft.com/en-us/graph/docs/api-reference/v1.0/api/user_list_calendars,BOTH,,
,,,,,,,,
Outlook Calendar,POST,find meeting time,/v1.0/me/findMeetingTimes,Update the Request Body and select Run Query.,https://developer.microsoft.com/en-us/graph/docs/api-reference/v1.0/api/user_findmeetingtimes,AAD,"{
        ""attendees"": [
            {
            ""emailAddress"": {
                ""address"": ""{user-mail}"",
                ""name"": ""Alex Darrow""
            },
            ""type"": ""Required""
            }
        ],
        ""timeConstraint"": {
            ""timeslots"": [
            {
            ""start"": {
                ""dateTime"": ""{today}"",  
                ""timeZone"": ""Pacific Standard Time"" 
                },  
                ""end"": { 
                ""dateTime"": ""{next-week}"",  
                ""timeZone"": ""Pacific Standard Time"" 
                }
            }
            ]
        },
        ""locationConstraint"": {
        ""isRequired"": ""false"",
        ""suggestLocation"": ""true"",
        ""locations"": [
            {
            ""displayName"": ""Conf Room 32/1368"",
            ""locationEmailAddress"": ""conf32room1368@imgeek.onmicrosoft.com""
            }
        ]
        },
        ""meetingDuration"": ""PT1H""
        }",Content-type: application/json
Outlook Calendar,POST,schedule a meeting,/v1.0/me/events,Update the Request Body and select Run Query.,https://developer.microsoft.com/en-us/graph/docs/api-reference/v1.0/api/user_post_events,BOTH,"{
        ""subject"": ""My event"",
        ""start"": {
            ""dateTime"": ""{today}"",
            ""timeZone"": ""UTC""
        },
        ""end"": {
            ""dateTime"": ""{next-week}"",
            ""timeZone"": ""UTC""
        }
    }",Content-type: application/json
Outlook Calendar,GET,track changes on my events for the next week,/v1.0/me/calendarView/delta?startDateTime={today}&endDateTime={next-week},"This query uses date and time parameters. Use an ISO 8601 format. For example, ""2017-04-30T19:00:00.0000000"".",https://developer.microsoft.com/en-us/graph/docs/concepts/delta_query_events,BOTH,,
Personal Contacts,GET,my contacts,/v1.0/me/contacts,,https://developer.microsoft.com/en-us/graph/docs/api-reference/v1.0/api/user_list_contacts,BOTH,,
Personal Contacts,POST,add contact,/v1.0/me/contacts,Update the Request Body and select Run Query.,https://developer.microsoft.com/en-us/graph/docs/api-reference/v1.0/api/user_post_contacts,BOTH,"{
    ""givenName"": ""Pavel"",
    ""surname"": ""Bansky"",
    ""emailAddresses"": [
        {
        ""address"": ""pavelb@fabrikam.onmicrosoft.com"",
        ""name"": ""Pavel Bansky""
        }
    ],
    ""businessPhones"": [
        ""+1 732 555 0102""
    ]
}",Content-type: application/json
OneDrive,GET,all the items in my drive,/v1.0/me/drive/root/children,,https://developer.microsoft.com/en-us/graph/docs/api-reference/v1.0/api/item_list_children,BOTH,,
OneDrive,GET,my recent files,/v1.0/me/drive/recent,,https://developer.microsoft.com/en-us/graph/docs/api-reference/v1.0/api/drive_recent,BOTH,,
OneDrive,GET,files shared with me,/v1.0/me/drive/sharedWithMe,,https://developer.microsoft.com/en-us/graph/docs/api-reference/v1.0/api/drive_sharedwithme,BOTH,,
OneDrive,GET,search my OneDrive,"/v1.0/me/drive/root/search(q='finance')?select=name,id,webUrl",,https://developer.microsoft.com/en-us/graph/docs/api-reference/v1.0/api/item_search,BOTH,,
OneDrive,POST,create a folder,/v1.0/me/drive/root/children,Update the Request Body and select Run Query.,https://developer.microsoft.com/en-us/graph/docs/api-reference/v1.0/api/item_post_children,BOTH,"{
  ""name"": ""New Folder"",
  ""folder"": { }
}",Content-type: application/json
Excel,POST,create session,/v1.0/me/drive/items/{drive-item-id}/workbook/createSession,"This query requires a driveItem id.  To find the ID of the driveItem that corresponds to an Excel Workbook, you can run: GET https://graph.microsoft.com/v1.0/me/drive/root/search(q='.xlsx')?select=name,id,webUrl.",https://developer.microsoft.com/en-us/graph/docs/api-reference/v1.0/resources/excel,AAD,"{ ""persistChanges"": true }",Content-type: application/json
Excel,GET,worksheets in a workbook,/v1.0/me/drive/items/{drive-item-id}/workbook/worksheets,"This query requires a driveItem id.  To find the ID of the driveItem that corresponds to an Excel Workbook, you can run: GET https://graph.microsoft.com/v1.0/me/drive/root/search(q='.xlsx')?select=name,id,webUrl.",https://developer.microsoft.com/en-us/graph/docs/api-reference/v1.0/api/workbook_list_worksheets,AAD,,
Excel,POST,add a new worksheet,/v1.0/me/drive/items/{drive-item-id}/workbook/worksheets/,"This query requires a driveItem id.  To find the ID of the driveItem that corresponds to an Excel Workbook, you can run: GET https://graph.microsoft.com/v1.0/me/drive/root/search(q='.xlsx')?select=name,id,webUrl.",https://developer.microsoft.com/en-us/graph/docs/api-reference/v1.0/api/worksheetcollection_add,AAD,"{
  ""name"": ""My New Sheet""
}",Content-type: application/json
Excel,POST,calculate loan payment,/v1.0/me/drive/items/{drive-item-id}/workbook/functions/pmt,"This query requires a driveItem id.  To find the ID of the driveItem that corresponds to an Excel Workbook, you can run: GET https://graph.microsoft.com/v1.0/me/drive/root/search(q='.xlsx')?select=name,id,webUrl.",https://developer.microsoft.com/en-us/graph/docs/api-reference/v1.0/resources/workbook#functions,AAD,"{ 
 ""rate"": 0.035, 
 ""nper"": 20, 
 ""pv"": -2000 
}",Content-type: application/json
Excel,GET,used range in worksheet,/v1.0/me/drive/items/{drive-item-id}/workbook/worksheets('Sheet1')/usedRange,"This query requires a driveItem id.  To find the ID of the driveItem that corresponds to an Excel Workbook, you can run: GET https://graph.microsoft.com/v1.0/me/drive/root/search(q='.xlsx')?select=name,id,webUrl.",https://developer.microsoft.com/en-us/graph/docs/api-reference/v1.0/api/worksheet_usedrange,AAD,,
Excel,GET,tables in worksheet,/v1.0/me/drive/items/{drive-item-id}/workbook/worksheets/Sheet1/tables,"This query requires a driveItem id.  To find the ID of the driveItem that corresponds to an Excel Workbook, you can run: GET https://graph.microsoft.com/v1.0/me/drive/root/search(q='.xlsx')?select=name,id,webUrl.",https://developer.microsoft.com/en-us/graph/docs/api-reference/v1.0/api/worksheet_list_tables,AAD,,
Excel,GET,charts in worksheet,/v1.0/me/drive/items/{drive-item-id}/workbook/worksheets('Sheet1')/charts,"This query requires a driveItem id.  To find the ID of the driveItem that corresponds to an Excel Workbook, you can run: GET https://graph.microsoft.com/v1.0/me/drive/root/search(q='.xlsx')?select=name,id,webUrl.",https://developer.microsoft.com/en-us/graph/docs/api-reference/v1.0/api/worksheet_list_charts,AAD,,
Planner,GET,all Planner plans associated with a group,/v1.0/groups/{group-id-with-plan}/planner/plans,"This query requires a group id.  To find the ID of a group you belong to, you can run: GET https://graph.microsoft.com/v1.0/me/memberOf",https://developer.microsoft.com/en-us/graph/docs/api-reference/v1.0/api/plannergroup_list_plans,AAD,,
Planner,GET,Planner plan,/v1.0/planner/plans/{plan-id},This query requires a plan id.  To find the ID of the plan you can run: GET https://graph.microsoft.com/v1.0/me/groups/{group-id}/plans.,https://developer.microsoft.com/en-us/graph/docs/api-reference/v1.0/api/plannerplan_get,AAD,,
Planner,PATCH,update a Planner plan,/v1.0/planner/plans/{plan-id},"This query requires a Plan ID and value of @odata.etag for a selected task. To find the ID of the Plan, you can run: GET https://graph.microsoft.com/v1.0/me/planner/tasks. To get the @odata.etag, run: GET https://graph.microsoft.com/v1.0/planner/plans/{plan-id}",https://developer.microsoft.com/en-us/graph/docs/api-reference/v1.0/api/plannerplan_update,AAD,"{
    ""title"": ""Updated plan title""
}",If-Match: {if-match}
Planner,GET,all buckets in Planner plan,/v1.0/planner/plans/{plan-id}/buckets,This query requires a plan id.  To find the ID of the plan you can run: GET https://graph.microsoft.com/v1.0/me/groups/{group-id}/plans.,https://developer.microsoft.com/en-us/graph/docs/api-reference/v1.0/api/plannerplan_list_buckets,AAD,,
Planner,POST,create a bucket in Planner plan,/v1.0/planner/buckets,This query requires a Plan id.  To find the ID of the Plan you can run: GET https://graph.microsoft.com/v1.0/me/planner/plans,https://developer.microsoft.com/en-us/graph/docs/api-reference/v1.0/api/planner_post_buckets,AAD,"{
  ""name"": ""{bucket-name}"",
  ""planId"": ""{plan-id}"",
  ""orderHint"": "" !""
}",Content-type: application/json
Planner,PATCH,update a bucket in Planner plan,/v1.0/planner/buckets/{bucket-id},This query requires a bucket id and value of @odata.etag for a selected bucket.  To find the ID of the bucket run: GET https://graph.microsoft.com/v1.0/planner/plans/{plan-id}/buckets and then run: GET https://graph.microsoft.com/v1.0/planner/buckets/{bucket-id} to discover @odata.etag,https://developer.microsoft.com/en-us/graph/docs/api-reference/v1.0/api/plannerbucket_update,AAD,"{
    ""name"": ""Updated bucket name""
}",If-Match: {if-match}
Planner,GET,all Planner tasks for a plan,/v1.0/planner/plans/{plan-id}/tasks,This query requires a plan id.  To find the ID of the plan you can run: GET https://graph.microsoft.com/v1.0/me/groups/{group-id}/plans.,https://developer.microsoft.com/en-us/graph/docs/api-reference/v1.0/api/plannerplan_list_tasks,AAD,,
Planner,GET,all my Planner tasks,/v1.0/me/planner/tasks,,https://developer.microsoft.com/en-us/graph/docs/api-reference/v1.0/resources/planner_overview,AAD,,
Planner,GET,all Planner tasks for user,/v1.0/users/{coworker-mail}/planner/tasks,,https://developer.microsoft.com/en-us/graph/docs/api-reference/v1.0/api/planneruser_list_tasks,AAD,,
Planner,GET,Planner task by id,/v1.0/planner/tasks/{task-id},This query requires a task id.  To find the ID of the task you can run: GET https://graph.microsoft.com/v1.0/me/planner/tasks,https://developer.microsoft.com/en-us/graph/docs/api-reference/v1.0/api/plannertask_get,AAD,,
Planner,POST,create a Planner task,/v1.0/planner/tasks,This query requires a Plan id.  To find the ID of the Plan you can run: GET https://graph.microsoft.com/v1.0/me/planner/tasks,https://developer.microsoft.com/en-us/graph/docs/api-reference/v1.0/api/planner_post_tasks,AAD,"{
  ""planId"": ""{plan-id}"",
  ""title"": ""{task-title}"",
  ""assignments"": {}
}",Content-type: application/json
Planner,PATCH,update a Planner task,/v1.0/planner/tasks/{task-id},This query requires a task id and value of @odata.etag for a selected task.  To find the ID of the task and @odata.etag you can run: GET https://graph.microsoft.com/v1.0/me/planner/tasks,https://developer.microsoft.com/en-us/graph/docs/api-reference/v1.0/api/plannertask_update,AAD,"{
    ""title"": ""Updated task title""
}",If-Match: {if-match}
Planner,GET,details for Planner task,/v1.0/planner/tasks/{task-id}/details,This query requires a task id.  To find the ID of the task you can run: GET https://graph.microsoft.com/v1.0/me/planner/tasks,https://developer.microsoft.com/en-us/graph/docs/api-reference/v1.0/api/plannertaskdetails_get,AAD,,
Insights,GET,my recent files,/v1.0/me/drive/recent,,https://developer.microsoft.com/en-us/graph/docs/api-reference/v1.0/api/drive_recent,BOTH,,
Insights (beta),GET,items trending around me,/beta/me/insights/trending,,https://developer.microsoft.com/en-us/graph/docs/api-reference/beta/api/insights_list_trending,AAD,,
Insights (beta),GET,items shared with me,/beta/me/insights/shared,,https://developer.microsoft.com/en-us/graph/docs/api-reference/beta/api/insights_list_shared,AAD,,
Insights (beta),GET,items viewed and modified by me,/beta/me/insights/used,,https://developer.microsoft.com/en-us/graph/docs/api-reference/beta/api/insights_list_used,AAD,,
People,GET,people I work with,/v1.0/me/people,,https://developer.microsoft.com/en-us/graph/docs/api-reference/v1.0/api/user_list_people,BOTH,,
People,GET,people whose name starts with J,/v1.0/me/people/?$search=j,,https://developer.microsoft.com/en-us/graph/docs/api-reference/v1.0/api/person_get,BOTH,,
People,GET,people relevant to a topic,"/v1.0/me/people/?$search=""topic: contoso""",,https://developer.microsoft.com/en-us/graph/docs/api-reference/v1.0/api/person_get,BOTH,,
,,,,,,,,
,,,,,,,,
Extensions,GET,get an open extension,"/v1.0/me?$select=id,displayName,mail,mobilePhone&$expand=extensions",,https://developer.microsoft.com/en-us/graph/docs/api-reference/v1.0/resources/opentypeextension,AAD,,
Extensions,POST,create an open extension,/v1.0/me/extensions,,https://developer.microsoft.com/en-us/graph/docs/api-reference/v1.0/api/opentypeextension_post_opentypeextension,AAD,"{
  ""@odata.type"":""microsoft.graph.openTypeExtension"",    ""extensionName"":""com.contoso.roamingSettings"",
    ""theme"":""dark"",
    ""color"":""purple"",
    ""lang"":""Japanese""
}",Content-type: application/json
Extensions,PATCH,update an open extension,/v1.0/me/extensions/{extension-id},,https://developer.microsoft.com/en-us/graph/docs/api-reference/v1.0/api/opentypeextension_update,AAD,"{
    ""theme"":""light"",
    ""color"":""yellow"",
    ""lang"":""Swahili""
}",
Extensions,GET,get available schema extensions,/v1.0/schemaExtensions,,https://developer.microsoft.com/en-us/graph/docs/api-reference/v1.0/api/schemaextension_post_schemaextensions,AAD,,
Extensions,GET,filter groups by extension property value,"/v1.0/groups?$filter=adatumisv_courses/id eq '123'&$select=id,displayName,adatumisv_courses",,https://developer.microsoft.com/en-us/graph/docs/api-reference/v1.0/api/schemaextension_post_schemaextensions,AAD,,
Extensions,POST,create a group with extension data,/v1.0/groups,,https://developer.microsoft.com/en-us/graph/docs/api-reference/v1.0/api/schemaextension_post_schemaextensions,AAD,"{
    ""displayName"": ""Extensions sample group"",
    ""description"": ""Extensions sample group"",
    ""groupTypes"": [""Unified""],
    ""mailEnabled"": true,
    ""mailNickname"": ""extSample123"",
    ""securityEnabled"": false,
    ""adatumisv_courses"": {
        ""id"":""123"",
        ""name"":""New Managers"",
        ""type"":""Online""
    }
}",
Extensions,PATCH,update a group with extension data,/v1.0/groups/{group-id},,https://developer.microsoft.com/en-us/graph/docs/api-reference/v1.0/api/schemaextension_post_schemaextensions,AAD,"{
   ""adatumisv_courses"": {
        ""id"":""123"",
        ""name"":""New Managers"",
        ""type"":""Online""
    }
}",
OneNote,GET,my notebooks,/v1.0/me/onenote/notebooks,,https://developer.microsoft.com/en-us/graph/docs/api-reference/v1.0/resources/onenote,BOTH,,
OneNote,GET,my sections,/v1.0/me/onenote/sections,,https://developer.microsoft.com/en-us/graph/docs/api-reference/v1.0/resources/section,BOTH,,
OneNote,GET,my pages,/v1.0/me/onenote/pages,,https://developer.microsoft.com/en-us/graph/docs/api-reference/v1.0/api/section_list_pages,BOTH,,
OneNote,POST,create notebook,/v1.0/me/onenote/notebooks,Update the Request Body and select Run Query.,https://developer.microsoft.com/en-us/graph/docs/api-reference/v1.0/api/onenote_post_notebooks,BOTH,"{
  ""displayName"": ""My Notebook""
}",
OneNote,POST,create section,/v1.0/me/onenote/notebooks/{notebook-id}/sections,"This query requires a notebook id.  To find the ID, you can run: GET https://graph.microsoft.com/v1.0/me/onenote/notebooks. ",https://developer.microsoft.com/en-us/graph/docs/api-reference/v1.0/api/notebook_post_sections,BOTH,"{
  ""displayName"": ""Section 1""
}",Content-type: application/json
OneNote,POST,create page,/v1.0/me/onenote/sections/{section-id}/pages,"This query requires a section id.  To find the ID, you can run: GET https://graph.microsoft.com/v1.0/me/onenote/sections.",https://developer.microsoft.com/en-us/graph/docs/api-reference/v1.0/api/section_post_pages,BOTH,"
<!DOCTYPE html>
<html>
  <head>
    <title>A page with a block of HTML</title>
  </head>
  <body>
    <p>This page contains some <i>formatted</i> <b>text</b>.</p>
  </body>
</html>",Content-type: application/xhtml+xml
SharePoint Sites,GET,my organization's default SharePoint site,/v1.0/sites/root,,https://developer.microsoft.com/en-us/graph/docs/api-reference/v1.0/api/site_get,AAD,,
SharePoint Sites,GET,Enumerate the document libraries under the root site,/v1.0/sites/root/drives,,https://developer.microsoft.com/en-us/graph/docs/api-reference/v1.0/api/drive_list#list-a-sites-drives,AAD,,
SharePoint Sites,GET,SharePoint site based on relative path of the site,/v1.0/sites/{host-name}:/{server-relative-path},,https://developer.microsoft.com/en-us/graph/docs/api-reference/v1.0/api/site_getbypath,AAD,,
SharePoint Sites,GET,Search for a SharePoint site by keyword,/v1.0/sites?search=contoso,,https://developer.microsoft.com/en-us/graph/docs/api-reference/v1.0/api/site_search,AAD,,
SharePoint Sites,GET,Enumerate subsites of the root site,/v1.0/sites/root/sites,,https://developer.microsoft.com/en-us/graph/docs/api-reference/v1.0/api/site_list_subsites,AAD,,
SharePoint Sites,GET,Enumerate site columns of the root site,/v1.0/sites/root/columns,,https://developer.microsoft.com/en-us/graph/docs/api-reference/v1.0/api/site_list_columns,AAD,,
SharePoint Sites,GET,Enumerate site content types of the root site,/v1.0/sites/root/contentTypes,,https://developer.microsoft.com/en-us/graph/docs/api-reference/v1.0/api/site_list_contenttypes,AAD,,
SharePoint Lists,GET,Enumerate the lists in the root site,/v1.0/sites/root/lists,,https://developer.microsoft.com/en-us/graph/docs/api-reference/v1.0/api/list_list,AAD,,
SharePoint Lists,GET,Enumerate list columns,/v1.0/sites/root/lists/{list-id}/columns,,https://developer.microsoft.com/en-us/graph/docs/api-reference/v1.0/api/list_list_columns,AAD,,
SharePoint Lists,GET,Enumerate list content types,/v1.0/sites/root/lists/{list-id}/contentTypes,,https://developer.microsoft.com/en-us/graph/docs/api-reference/v1.0/api/list_list_contenttypes,AAD,,
SharePoint Lists,GET,Enumerate the list items in a list,/v1.0/sites/root/lists/{list-id}/items,,https://developer.microsoft.com/en-us/graph/docs/api-reference/v1.0/api/listitem_list,AAD,,
SharePoint Lists,GET,Enumerate list items with specific column values,/v1.0/sites/root/lists/{list-id}/items?$filter=fields/Title eq '{list-title}',,https://developer.microsoft.com/en-us/graph/docs/api-reference/v1.0/api/listitem_list,AAD,,Prefer: allowthrottleablequeries
Batching,POST,Perform parallel GETs,/v1.0/$batch,"This query shows you how to use batching to get your user information, your messages, and your events.",https://developer.microsoft.com/en-us/graph/docs/concepts/json_batching,AAD,"{""requests"" : [{""url"" : ""/me?$select=displayName,jobTitle,userPrincipalName"", ""method"" : ""GET"", ""id"" : ""1""}, {""url"" : ""/me/messages?$filter=importance eq 'high'&$select=from,subject,receivedDateTime,bodyPreview"", ""method"" : ""GET"", ""id"" : ""2""}, {""url"" : ""/me/events"", ""method"" : ""GET"", ""id"" : ""3""}]  }",Content-type: application/json
Batching,POST,Combine a POST and a GET,/v1.0/$batch,This query will create a folder called TestBatchingFolder in your OneDrive and return it back to you via a GET.,https://developer.microsoft.com/en-us/graph/docs/concepts/json_batching,AAD,"{
 ""requests"": [{
   ""url"": ""/me/drive/root/children"",
   ""method"": ""POST"",
   ""id"": ""1"",
   ""body"": {
    ""name"": ""TestBatchingFolder"",
    ""folder"": {}
   },
   ""headers"": {
    ""Content-Type"": ""application/json""
   }
  }, {
   ""url"": ""/me/drive/root/children/TestBatchingFolder "",
   ""method"": ""GET"",
   ""id"": ""2"",
   ""DependsOn"": [""1""]
  }
 ]
} ",Content-type: application/json
,,,,,,,,
Microsoft Teams (beta),GET,my joined teams,/beta/me/joinedTeams,,https://developer.microsoft.com/en-us/graph/docs/api-reference/beta/api/user_list_joinedteams,,,
Microsoft Teams (beta),GET,members of a team,/beta/groups/{group-id-for-teams}/members,"This query requires a group id of the Team.  To find the group id of Teams you belong to, you can run: GET https://graph.microsoft.com/beta/me/joinedTeams",https://developer.microsoft.com/en-us/graph/docs/api-reference/beta/api/group_list_memberof,,,
Microsoft Teams (beta),GET,channels of a team which I am member of,/beta/groups/{group-id-for-teams}/channels,"This query requires a group id of the Team.  To find the group id of Teams you belong to, you can run: GET https://graph.microsoft.com/beta/me/joinedTeams",https://developer.microsoft.com/en-us/graph/docs/api-reference/beta/api/group_list_channels,,,
Microsoft Teams (beta),GET,channel info,/beta/groups/{group-id-for-teams}/channels/{channel-id},"This query requires a group id of the Team and channel id of the corresponding channel of that Team. To find the group id  & channel id, you can run: 1) GET https://graph.microsoft.com/beta/me/joinedTeams 2) GET https://graph.microsoft.com/beta/groups/{group-id-for-teams}/channels",https://developer.microsoft.com/en-us/graph/docs/api-reference/beta/api/channel_get,,,
Microsoft Teams (beta),POST,create channel,/beta/groups/{group-id-for-teams}/channels,"This query requires a group id of the Team.  To find the group id of Teams you belong to, you can run: GET https://graph.microsoft.com/beta/me/joinedTeams",https://developer.microsoft.com/en-us/graph/docs/api-reference/beta/api/group_post_channels,,"{
   ""displayName"": ""Architecture Discussion"",		
   ""description"": ""This channel is where we debate all future architecture plans""		
 }",
Microsoft Teams (beta),POST,create chat thread,/beta/groups/{group-id-for-teams}/channels/{channel-id}/chatThreads,"This query requires a group id of the Team and channel id of the corresponding channel of that Team. To find the group id  & channel id, you can run: 1) GET https://graph.microsoft.com/beta/me/joinedTeams 2) GET https://graph.microsoft.com/beta/groups/{group-id-for-teams}/channels",https://developer.microsoft.com/en-us/graph/docs/api-reference/beta/api/channel_post_chatthreads,,"{
""rootMessage"": {
       ""body"": {
         ""contentType"": 2,		
         ""content"": ""Hello world""		
       }		
   }		
 }",
Microsoft Teams (beta),GET,items in a team drive,/beta/groups/{group-id-for-teams}/drive/root/children,"This query requires a group id of the Team.  To find the group id of Teams you belong to, you can run: GET https://graph.microsoft.com/beta/me/joinedTeams",https://developer.microsoft.com/en-us/graph/docs/api-reference/beta/api/item_list_children,,,
Outlook Mail,GET,my inbox rules,/beta/me/mailFolders/inbox/messagerules,,https://developer.microsoft.com/en-us/graph/docs/api-reference/beta/resources/messagerule,BOTH,,
Outlook Mail,GET,my outlook categories,/beta/me/outlook/masterCategories,,https://developer.microsoft.com/en-us/graph/docs/api-reference/beta/api/outlookuser_list_mastercategories,BOTH,,
Outlook Mail,GET,get email headers,/beta/me/messages?$select=internetMessageHeaders&$top=1,,https://developer.microsoft.com/en-us/graph/docs/api-reference/beta/resources/message,BOTH,,
Outlook Mail,GET,list conference rooms,/beta/me/findRooms,,https://developer.microsoft.com/en-us/graph/docs/api-reference/beta/api/user_findrooms,AAD,,
Security (beta),GET,alerts,/beta/security/alerts?$top=1,,https://developer.microsoft.com/en-us/graph/docs/api-reference/beta/api/alert_list,AAD,,
Security (beta),GET,alerts with 'High' severity,/beta/security/alerts?filter=Severity eq 'High'&$top=5,,https://developer.microsoft.com/en-us/graph/docs/api-reference/beta/api/alert_list,AAD,,
Security (beta),GET,alerts related to 'ransomware' category,/beta/security/alerts?filter=Category eq 'ransomware'&$top=5,,https://developer.microsoft.com/en-us/graph/docs/api-reference/beta/api/alert_list,AAD,,
Security (beta),GET,alerts from 'Azure Security Center',/beta/security/alerts?filter=vendorInformation/provider eq 'ASC'&$top=5,,https://developer.microsoft.com/en-us/graph/docs/api-reference/beta/api/alert_list,AAD,,
Security (beta),GET,alerts select by 'Title',/beta/security/alerts?$top=5&$select=title,,https://developer.microsoft.com/en-us/graph/docs/api-reference/beta/api/alert_list,AAD,,
User Activities,PUT,create a user activity and history item,/v1.0/me/activities/uniqueIdInAppContext,,https://developer.microsoft.com/en-us/graph/docs/api-reference/v1.0/api/projectrome_put_activity#example-2---deep-insert,BOTH,"{
    ""appActivityId"": ""uniqueIdInAppContext"",
    ""activitySourceHost"": ""https://graphexplorer.blob.core.windows.net"",
    ""userTimezone"": ""America/Los Angeles"",
    ""appDisplayName"": ""Graph Explorer"",
    ""activationUrl"": ""https://developer.microsoft.com/en-us/graph/graph-explorer"",
    ""fallbackUrl"": ""https://developer.microsoft.com/en-us/graph/graph-explorer"",
    ""contentInfo"": {
        ""@context"": ""http://schema.org"",
        ""@type"": ""CreativeWork"",
        ""author"": ""Jennifer Booth"",
        ""name"": ""Graph Explorer User Activity""
    },
    ""visualElements"": {
        ""attribution"": {
            ""iconUrl"": ""https://graphexplorer.blob.core.windows.net/explorerIcon.png"",
            ""alternateText"": ""Microsoft Graph Explorer"",
            ""addImageQuery"": ""false"",
        },
        ""description"": ""A user activity made through the Microsoft Graph Explorer"",
        ""backgroundColor"": ""#008272"",
        ""displayText"": ""Graph Explorer Sample User Activity"",
        ""content"": {
            ""$schema"": ""http://adaptivecards.io/schemas/adaptive-card.json"",
            ""type"": ""AdaptiveCard"",
            ""body"":
            [{
                ""type"": ""TextBlock"",
                ""text"": ""With activities, developers have a way to capture the unique tasks for users of their app which flow seamlessly across any platform and device, allowing them to quickly resume working on their preferred screen. Using the Activity Feed, developers can create a human-centric view of the tasks most important to users helping reduce friction when switching from web to mobile to PC and beyond.""
            }]
        }
    },
    ""historyItems"":[
        {
            ""userTimezone"": ""America/Los Angeles"",
            ""startedDateTime"": ""{todayMinusHour}"",
            ""lastActiveDateTime"": ""{today}"",
        }
    ]
}",Content-Type: application/json
User Activities,GET,get recent user activities,/v1.0/me/activities/recent,,https://developer.microsoft.com/en-us/graph/docs/api-reference/v1.0/api/projectrome_get_recent_activities,BOTH,,
